name,given_name,family_name,middle_name,nickname,preferred_username,profile,picture,website,email,email_verified,gender,birthdate,zoneinfo,locale,phone_number,phone_number_verified,address,updated_at,cognito:mfa_enabled,cognito:username
Enos Turner,,,,,,,,,name+enosturner@example.com,true,,,,,,false,,,false,enosturner
Marlene Kuhn,,,,,,,,,name+marlenekuhn@example.com,true,,,,,,false,,,false,marlenekuhn
Germaine Mann,,,,,,,,,name+germainemann@example.com,true,,,,,,false,,,false,germainemann
Parker Volkman,,,,,,,,,name+parkervolkman@example.com,true,,,,,,false,,,false,parkervolkman
Reilly Metz,,,,,,,,,name+reillymetz@example.com,true,,,,,,false,,,false,reillymetz
Nico Pouros,,,,,,,,,name+nicopouros@example.com,true,,,,,,false,,,false,nicopouros
Brisa Price,,,,,,,,,name+brisaprice@example.com,true,,,,,,false,,,false,brisaprice
Anjali Greenholt,,,,,,,,,name+anjaligreenholt@example.com,true,,,,,,false,,,false,anjaligreenholt
Trevion Hansen,,,,,,,,,name+trevionhansen@example.com,true,,,,,,false,,,false,trevionhansen
Elise Walter,,,,,,,,,name+elisewalter@example.com,true,,,,,,false,,,false,elisewalter
Dorthy Nitzsche,,,,,,,,,name+dorthynitzsche@example.com,true,,,,,,false,,,false,dorthynitzsche
Shayna Harvey,,,,,,,,,name+shaynaharvey@example.com,true,,,,,,false,,,false,shaynaharvey
Annie Metz,,,,,,,,,name+anniemetz@example.com,true,,,,,,false,,,false,anniemetz
Sidney Wuckert,,,,,,,,,name+sidneywuckert@example.com,true,,,,,,false,,,false,sidneywuckert
Aiden OKon,,,,,,,,,name+aidenokon@example.com,true,,,,,,false,,,false,aidenokon
Abby VonRueden,,,,,,,,,name+abbyvonrueden@example.com,true,,,,,,false,,,false,abbyvonrueden
Nelda Langworth,,,,,,,,,name+neldalangworth@example.com,true,,,,,,false,,,false,neldalangworth
Keyshawn Kassulke,,,,,,,,,name+keyshawnkassulke@example.com,true,,,,,,false,,,false,keyshawnkassulke
William Fahey,,,,,,,,,name+williamfahey@example.com,true,,,,,,false,,,false,williamfahey
Lilly Bosco,,,,,,,,,name+lillybosco@example.com,true,,,,,,false,,,false,lillybosco
Thora Willms,,,,,,,,,name+thorawillms@example.com,true,,,,,,false,,,false,thorawillms
Uriah Pollich,,,,,,,,,name+uriahpollich@example.com,true,,,,,,false,,,false,uriahpollich
Oliver Padberg,,,,,,,,,name+oliverpadberg@example.com,true,,,,,,false,,,false,oliverpadberg
Trinity Kshlerin,,,,,,,,,name+trinitykshlerin@example.com,true,,,,,,false,,,false,trinitykshlerin
Kailey Metz,,,,,,,,,name+kaileymetz@example.com,true,,,,,,false,,,false,kaileymetz
Christopher Fritsch,,,,,,,,,name+christopherfritsch@example.com,true,,,,,,false,,,false,christopherfritsch
Tyree Murphy,,,,,,,,,name+tyreemurphy@example.com,true,,,,,,false,,,false,tyreemurphy
Jalon Trantow,,,,,,,,,name+jalontrantow@example.com,true,,,,,,false,,,false,jalontrantow
Nicolette Lind,,,,,,,,,name+nicolettelind@example.com,true,,,,,,false,,,false,nicolettelind
Kale Gerhold,,,,,,,,,name+kalegerhold@example.com,true,,,,,,false,,,false,kalegerhold
